1,Carilyn,Linham,82,clinham0@mlb.com,89.62.149.191
2,Lianna,Midford,45,lmidford1@abc.net.au,186.228.138.146
3,Cletis,Pulhoster,19,cpulhoster2@dagondesign.com,101.33.115.165
4,Lory,Dudson,7,ldudson3@statcounter.com,88.203.184.227
5,Ame,Bukowski,86,abukowski4@nature.com,59.18.81.7
6,Rosemary,Stonehewer,65,rstonehewer5@nhs.uk,34.79.10.220
7,Toni,Ortell,22,tortell6@w3.org,122.153.12.27
8,Woody,Hadye,8,whadye7@psu.edu,38.76.45.201
9,Rickard,Small,91,rsmall8@google.nl,47.136.145.132
10,Ricki,Burriss,65,rburriss9@vinaora.com,54.155.210.121
11,Michelina,Lucio,76,mlucioa@discuz.net,49.234.222.247
12,Clemmy,Batting,84,cbattingb@bravesites.com,119.51.186.35
13,Sidnee,Winterburn,94,swinterburnc@gov.uk,62.65.57.240
14,Sherye,Mathou,14,smathoud@wikispaces.com,175.60.185.10
15,Hertha,Berggren,35,hberggrene@narod.ru,177.237.212.103
16,Druci,Sadlier,39,dsadlierf@altervista.org,219.184.70.106
17,Robinett,Jorcke,7,rjorckeg@webs.com,129.123.143.47
18,Addia,Gossington,7,agossingtonh@deliciousdays.com,238.183.154.235
19,Odella,Labusch,40,olabuschi@macromedia.com,133.68.125.141
20,Van,Hoolaghan,52,vhoolaghanj@telegraph.co.uk,218.108.130.70
21,Krystyna,Batalle,66,kbatallek@mayoclinic.com,241.205.72.246
22,Elvina,Haslin,30,ehaslinl@wikimedia.org,189.107.98.122
23,Clarita,Grishinov,87,cgrishinovm@microsoft.com,136.69.206.178
24,Marrissa,Cosgriff,27,mcosgriffn@studiopress.com,201.207.111.79
25,Jasper,Borrell,22,jborrello@archive.org,90.147.95.44
26,Dusty,Bass,72,dbassp@sitemeter.com,188.159.86.190
27,Briggs,Molineux,72,bmolineuxq@hao123.com,13.8.182.198
28,Leandra,Gosland,49,lgoslandr@sphinn.com,76.71.108.220
29,Ysabel,Fenning,27,yfennings@paypal.com,137.197.200.79
30,Yance,Siveyer,62,ysiveyert@fema.gov,170.185.81.224
31,Shoshana,Hurle,37,shurleu@mapy.cz,188.135.167.14
32,Siana,Khrishtafovich,09,skhrishtafovichv@archive.org,231.147.62.191
33,Keely,Roycraft,55,kroycraftw@tamu.edu,57.178.205.60
34,Sydel,April,30,saprilx@pbs.org,188.105.167.119
35,Nicol,Boeter,91,nboetery@washington.edu,214.28.14.53
36,Jacenta,Zouch,90,jzouchz@epa.gov,110.7.52.53
37,Enrichetta,Batisse,4,ebatisse10@howstuffworks.com,11.22.145.136
38,Halli,Haselden,42,hhaselden11@earthlink.net,252.4.236.253
39,Stevie,Matisse,26,smatisse12@mit.edu,137.168.13.12
40,Boothe,Stirzaker,6,bstirzaker13@cargocollective.com,118.57.109.41
41,Ephrem,Cardoo,75,ecardoo14@bloglovin.com,64.213.127.204
42,Piotr,Trice,93,ptrice15@msn.com,160.216.36.250
43,Gerick,Oleksinski,6,goleksinski16@simplemachines.org,30.31.25.154
44,Bryant,Luby,53,bluby17@pbs.org,20.52.194.252
45,Ikey,MacTerlagh,67,imacterlagh18@mit.edu,1.47.91.240
46,Sonia,McDermott,1,smcdermott19@dedecms.com,126.47.144.21
47,Marve,Balshaw,7,mbalshaw1a@mediafire.com,184.242.146.149
48,Lockwood,Ansill,4,lansill1b@patch.com,246.42.0.237
49,Dotty,Tregien,9,dtregien1c@squarespace.com,206.84.149.83
50,Karin,Ramsdell,87,kramsdell1d@samsung.com,12.14.213.99
51,Tibold,Pollie,13,tpollie1e@shutterfly.com,219.151.118.130
52,Tabbie,Lassen,15,tlassen1f@goodreads.com,146.37.15.187
53,Normand,Maruszewski,26,nmaruszewski1g@answers.com,200.247.131.255
54,Blondell,d'Arcy,28,bdarcy1h@archive.org,23.9.106.59
55,Rory,Foyston,24,rfoyston1i@fda.gov,225.77.235.51
56,Adolf,Phelipeaux,63,aphelipeaux1j@woothemes.com,3.10.206.214
57,Chanda,Sorrel,94,csorrel1k@google.com.au,144.234.173.53
58,Muffin,Edmeades,14,medmeades1l@smugmug.com,99.4.133.179
59,Verne,Eliyahu,29,veliyahu1m@sourceforge.net,254.241.234.252
60,Pen,Napleton,92,pnapleton1n@wp.com,104.213.156.37
61,Nico,Pietzner,9,npietzner1o@merriam-webster.com,38.197.88.139
62,Buckie,Littrick,84,blittrick1p@instagram.com,145.202.156.129
63,Sharyl,Dowse,51,sdowse1q@google.com.br,104.11.83.252
64,Barry,Slaight,71,bslaight1r@amazon.com,16.128.13.103
65,Constantino,Reid,39,creid1s@canalblog.com,73.80.14.41
66,Ashlee,Buttrick,3,abuttrick1t@reddit.com,70.0.249.35
67,Annissa,Ida,8,aida1u@sciencedaily.com,214.234.144.79
68,Mabel,Ohrtmann,20,mohrtmann1v@wisc.edu,207.226.32.6
69,Kennith,Gainsbury,10,kgainsbury1w@intel.com,203.135.111.31
70,Stanton,Plose,35,splose1x@moonfruit.com,114.14.54.139
71,Elisabetta,Derx,6,ederx1y@umich.edu,159.89.53.129
72,Ari,Howorth,9,ahoworth1z@freewebs.com,179.49.207.120
73,Maribeth,Munt,20,mmunt20@smugmug.com,146.56.109.222
74,Shelton,Nutbean,5,snutbean21@oakley.com,32.89.248.231
75,Coriss,McCuaig,4,cmccuaig22@google.it,59.186.32.84
76,Weber,Hallas,6,whallas23@desdev.cn,107.185.47.44
77,Courtney,Thistleton,75,cthistleton24@feedburner.com,20.146.26.128
78,Barbabra,Harden,0,bharden25@gnu.org,177.231.65.245
79,Niles,Disbrow,55,ndisbrow26@ycombinator.com,250.43.29.130
80,Raphael,Denne,90,rdenne27@elegantthemes.com,171.197.209.234
81,Barty,Clougher,44,bclougher28@odnoklassniki.ru,253.191.92.116
82,Constancy,Elderidge,73,celderidge29@wix.com,108.102.198.114
83,Robinette,Nardrup,98,rnardrup2a@webs.com,247.71.190.47
84,Briant,Kesten,0,bkesten2b@kickstarter.com,188.11.247.60
85,Conni,Wipfler,98,cwipfler2c@webmd.com,149.176.197.146
86,Harvey,Freake,42,hfreake2d@infoseek.co.jp,10.76.21.170
87,Cheston,Hovie,29,chovie2e@delicious.com,191.219.129.226
88,Ximenez,Girardin,77,xgirardin2f@berkeley.edu,196.116.113.124
89,Analiese,Hazeldene,30,ahazeldene2g@seattletimes.com,37.55.82.141
90,Carlene,Fidgett,5,cfidgett2h@mail.ru,38.8.181.162
91,Perry,Innis,1,pinnis2i@tinyurl.com,10.28.5.240
92,Magdalena,Malyan,79,mmalyan2j@yale.edu,224.145.172.156
93,Mira,Rickett,43,mrickett2k@skype.com,166.170.101.29
94,Ivy,Hendren,9,ihendren2l@homestead.com,157.81.5.243
95,Sheryl,Oakenfield,83,soakenfield2m@spotify.com,70.204.74.13
96,Talyah,Wooton,42,twooton2n@comcast.net,162.232.93.109
97,Celina,Blundon,54,cblundon2o@latimes.com,90.15.97.70
98,Wenonah,Pykerman,98,wpykerman2p@amazon.co.jp,54.134.235.61
99,Kristian,Pulver,26,kpulver2q@ucsd.edu,140.107.21.229
100,Alvinia,Boarleyson,19,aboarleyson2r@nydailynews.com,50.66.43.164
